{"cameraMode":{"drawMode":0,"name":"Shaded","section":"Shading Mode"},"sceneLighting":false,"audioPlay":false,"sceneViewState":{"m_AlwaysRefresh":false,"showFog":true,"showSkybox":false,"showFlares":true,"showImageEffects":true,"showParticleSystems":true,"showVisualEffectGraphs":true,"m_FxEnabled":true},"in2DMode":false,"pivot":{"x":0.08560514450073242,"y":1.4374608993530274,"z":1.70952308177948},"rotation":{"x":0.007996348664164544,"y":-0.6849915385246277,"z":0.007552984170615673,"w":0.7285391688346863},"size":1.8567692041397095,"orthographic":false}